version,name,statement_count,statements_md5
20260831062529,remove_legacy_game_scores_insert_policy,1,d2bdd4893cc6060dfb69b266bc12a20f
20260831062844,harden_notification_event_integrity,1,ac5270e70425641b2944fac63ae5231c
20260831063921,zuno_stack_basic_trio_helper,1,a5d5093beb4521fd2495a2c5b7b8fb8c
20260831063945,zuno_stack_post_trio_scoring_helper,1,d7db96f62069ab47f7c3c84ff76765a3
20260831064010,zuno_stack_pulse_helper,1,12db2f38db7d774366e04e6f3b04ac2e
20260831064030,zuno_stack_tray_finish_helper,1,8a69a35a671f674729864c067639bd93
20260831064047,zuno_stack_score_cap_helper,1,3367fd22dbc38d4accd33c983ee55e5b
20260831064103,zuno_stack_relay_send_score_cap_helper,1,580e7bf091b06337c61bb5f845577bdb
20260831064119,zuno_stack_pulse_shift_score_cap_helper,1,d0ffd6a388fe6dd6a06be81b56bbc510
20260831064315,tighten_room_reaction_grants,1,573c30dc14f1e4d405cb504f508d3009
20260831132407,restrict_private_identity_helpers,1,e9acceeba7e644899bf3b1abf355b5ae
20260831132750,fix_private_helper_caller_identity_guard,1,eb3cd3b167a9ba40b4e9de31ecf25d42
